{"mean": 11462.200929752065, "std": 18519.26653125156}